<?xml version="1.0" encoding="UTF-8"?>
<map version="1.2" tiledversion="1.2.3" orientation="orthogonal" renderorder="left-down" width="50" height="50" tilewidth="16" tileheight="16" infinite="0" nextlayerid="6" nextobjectid="60">
 <tileset firstgid="1" name="BaseSet2" tilewidth="16" tileheight="16" spacing="1" tilecount="522" columns="29">
  <image source="Resources/roguelikeDungeon_transparent.png" width="492" height="305"/>
  <tile id="21">
   <properties>
    <property name="Destroyable" type="bool" value="true"/>
    <property name="DoorHeight" type="int" value="2"/>
    <property name="DoorPositionX" type="int" value="1"/>
    <property name="DoorPositionY" type="int" value="2"/>
    <property name="DoorWidth" type="int" value="2"/>
    <property name="Type" value="Door"/>
   </properties>
  </tile>
  <tile id="28">
   <properties>
    <property name="Destroyable" type="bool" value="true"/>
    <property name="DoorHeight" type="int" value="2"/>
    <property name="DoorPositionX" type="int" value="2"/>
    <property name="DoorPositionY" type="int" value="2"/>
    <property name="DoorWidth" type="int" value="2"/>
    <property name="Type" value="Door"/>
   </properties>
  </tile>
  <tile id="50">
   <properties>
    <property name="Destroyable" type="bool" value="true"/>
    <property name="DoorHeight" type="int" value="2"/>
    <property name="DoorPositionX" type="int" value="1"/>
    <property name="DoorPositionY" type="int" value="1"/>
    <property name="DoorWidth" type="int" value="2"/>
    <property name="Type" value="Door"/>
   </properties>
  </tile>
  <tile id="57">
   <properties>
    <property name="Destroyable" type="bool" value="true"/>
    <property name="DoorHeight" type="int" value="2"/>
    <property name="DoorPositionX" type="int" value="2"/>
    <property name="DoorPositionY" type="int" value="1"/>
    <property name="DoorWidth" type="int" value="2"/>
    <property name="Type" value="Door"/>
   </properties>
  </tile>
  <tile id="311">
   <properties>
    <property name="Destroyable" type="bool" value="true"/>
    <property name="DoorHeight" type="int" value="3"/>
    <property name="DoorPositionX" type="int" value="1"/>
    <property name="DoorPositionY" type="int" value="3"/>
    <property name="DoorWidth" type="int" value="3"/>
    <property name="Type" value="Door"/>
   </properties>
  </tile>
  <tile id="312">
   <properties>
    <property name="Destroyable" type="bool" value="true"/>
    <property name="DoorHeight" type="int" value="3"/>
    <property name="DoorPositionX" type="int" value="2"/>
    <property name="DoorPositionY" type="int" value="3"/>
    <property name="DoorWidth" type="int" value="3"/>
    <property name="Type" value="Door"/>
   </properties>
  </tile>
  <tile id="313">
   <properties>
    <property name="Destroyable" type="bool" value="true"/>
    <property name="DoorHeight" type="int" value="3"/>
    <property name="DoorPositionX" type="int" value="3"/>
    <property name="DoorPositionY" type="int" value="3"/>
    <property name="DoorWidth" type="int" value="3"/>
    <property name="Type" value="Door"/>
   </properties>
  </tile>
  <tile id="340">
   <properties>
    <property name="Destroyable" type="bool" value="true"/>
    <property name="DoorHeight" type="int" value="3"/>
    <property name="DoorPositionX" type="int" value="1"/>
    <property name="DoorPositionY" type="int" value="2"/>
    <property name="DoorWidth" type="int" value="3"/>
    <property name="Type" value="Door"/>
   </properties>
  </tile>
  <tile id="341">
   <properties>
    <property name="Destroyable" type="bool" value="true"/>
    <property name="DoorHeight" type="int" value="3"/>
    <property name="DoorPositionX" type="int" value="2"/>
    <property name="DoorPositionY" type="int" value="2"/>
    <property name="DoorWidth" type="int" value="3"/>
    <property name="Type" value="Door"/>
   </properties>
  </tile>
  <tile id="342">
   <properties>
    <property name="Destroyable" type="bool" value="true"/>
    <property name="DoorHeight" type="int" value="3"/>
    <property name="DoorPositionX" type="int" value="3"/>
    <property name="DoorPositionY" type="int" value="2"/>
    <property name="DoorWidth" type="int" value="3"/>
    <property name="Type" value="Door"/>
   </properties>
  </tile>
  <tile id="369">
   <properties>
    <property name="Destroyable" type="bool" value="true"/>
    <property name="DoorHeight" type="int" value="3"/>
    <property name="DoorPositionX" type="int" value="1"/>
    <property name="DoorPositionY" type="int" value="1"/>
    <property name="DoorWidth" type="int" value="3"/>
    <property name="Type" value="Door"/>
   </properties>
  </tile>
  <tile id="370">
   <properties>
    <property name="Destroyable" type="bool" value="true"/>
    <property name="DoorHeight" type="int" value="3"/>
    <property name="DoorPositionX" type="int" value="2"/>
    <property name="DoorPositionY" type="int" value="1"/>
    <property name="DoorWidth" type="int" value="3"/>
    <property name="Type" value="Door"/>
   </properties>
  </tile>
  <tile id="371">
   <properties>
    <property name="Destroyable" type="bool" value="true"/>
    <property name="DoorHeight" type="int" value="3"/>
    <property name="DoorPositionX" type="int" value="3"/>
    <property name="DoorPositionY" type="int" value="1"/>
    <property name="DoorWidth" type="int" value="3"/>
    <property name="Type" value="Door"/>
   </properties>
  </tile>
 </tileset>
 <layer id="1" name="Background" width="50" height="50" locked="1">
  <data encoding="csv">
425,454,426,452,425,423,454,454,424,427,427,427,452,454,427,455,423,452,452,426,424,423,424,426,455,426,426,455,427,425,455,424,426,424,452,426,423,454,456,423,427,423,455,425,453,427,426,426,453,454,
452,423,455,427,454,456,456,423,454,424,425,452,452,424,424,454,453,425,452,425,452,427,454,453,454,453,426,455,424,454,423,453,455,456,455,423,425,454,424,426,423,424,453,426,454,455,455,424,452,456,
426,455,427,425,424,423,425,427,425,424,455,425,456,423,424,456,455,423,427,426,455,426,426,426,453,454,426,425,453,456,427,426,456,423,454,454,453,426,454,456,424,454,427,456,454,455,452,453,427,452,
423,452,453,427,454,452,427,424,456,452,455,452,425,424,427,455,455,455,427,456,456,455,427,453,454,452,425,426,456,425,426,452,452,453,456,453,424,423,453,424,452,452,452,424,424,426,424,424,423,455,
455,455,454,453,455,456,455,455,427,454,454,426,453,424,425,453,454,425,454,425,456,453,452,423,423,424,453,427,427,456,425,426,424,423,425,455,425,426,424,427,453,424,454,453,426,452,453,424,425,455,
453,427,455,424,425,423,456,423,456,454,456,453,426,456,455,427,453,456,424,452,427,453,426,454,454,426,424,425,423,455,453,455,426,425,456,425,455,455,452,456,424,452,452,453,425,456,454,454,423,454,
454,425,453,423,423,424,453,425,426,423,425,453,453,456,454,454,423,423,454,454,423,452,425,455,425,427,456,455,423,424,452,454,425,455,455,452,456,426,426,453,424,456,456,455,454,426,423,454,454,425,
425,427,426,425,424,453,456,426,454,454,423,425,423,424,456,426,452,423,427,455,455,452,426,427,455,426,455,454,424,456,455,453,454,425,424,456,455,427,456,426,425,455,454,426,426,454,456,453,455,455,
427,425,455,423,453,427,427,427,455,427,452,452,454,454,452,425,453,456,425,456,454,427,456,454,423,456,453,423,427,454,455,453,426,424,424,455,427,453,424,426,427,427,426,425,456,425,427,423,425,454,
455,424,425,455,456,427,427,452,453,426,426,454,424,427,426,427,423,454,452,423,456,456,454,452,425,423,425,424,424,426,427,454,455,423,424,423,424,452,426,426,455,427,456,423,427,426,425,453,424,454,
456,453,453,455,453,426,454,423,454,425,454,426,427,424,425,425,426,424,452,456,425,424,426,423,424,455,427,453,456,452,424,427,455,453,452,453,427,452,423,426,454,424,425,425,455,424,455,423,455,453,
454,453,424,427,423,452,454,452,423,423,425,454,456,424,454,427,424,454,427,452,453,455,452,454,426,425,455,455,424,424,455,454,423,454,427,455,423,424,453,427,453,453,424,455,453,423,425,452,454,456,
427,426,425,425,427,426,423,425,454,456,426,456,452,455,455,425,453,424,456,427,455,452,452,455,454,424,456,454,455,426,426,454,455,452,426,453,426,424,426,427,455,427,424,452,426,453,455,426,454,424,
426,424,423,425,452,423,452,427,454,424,456,425,456,452,454,424,455,453,454,425,454,424,452,452,452,424,424,452,425,426,452,427,455,453,453,423,423,427,452,456,426,426,425,453,453,427,425,456,455,427,
423,423,453,423,425,456,456,427,456,456,455,424,425,425,453,425,425,423,426,425,424,425,454,426,452,423,425,456,452,452,455,455,427,425,455,424,426,456,425,453,454,426,424,455,425,454,423,454,452,454,
427,426,456,452,454,454,425,423,427,454,454,455,423,427,425,452,426,454,427,423,426,424,452,456,452,427,425,427,455,455,455,455,453,425,427,453,423,455,454,453,423,423,423,452,454,426,423,452,423,453,
456,452,423,454,456,427,423,423,454,426,453,453,423,423,456,454,424,423,426,427,455,453,424,424,455,454,424,425,426,454,452,453,423,454,456,425,452,425,455,423,454,453,427,454,423,426,454,454,426,454,
425,452,456,453,453,452,423,453,453,455,423,423,423,452,424,455,427,452,425,455,454,453,453,423,452,453,452,424,423,426,427,426,425,427,456,427,456,426,456,427,456,453,426,426,426,452,453,425,455,454,
456,452,424,453,424,453,423,453,423,453,453,454,423,454,425,455,453,453,425,427,456,454,424,452,425,426,453,452,454,425,309,310,338,340,453,452,425,424,452,452,427,454,425,423,423,427,455,425,453,426,
424,454,453,426,427,453,423,456,455,455,427,453,426,426,425,452,423,455,423,453,424,453,452,424,424,423,426,453,454,424,340,338,308,309,423,453,424,423,454,454,455,456,426,423,424,452,425,453,456,456,
427,452,424,456,454,425,453,425,424,424,453,424,455,452,425,454,425,454,452,455,423,454,426,456,427,456,452,454,423,427,307,340,308,307,424,425,424,455,454,424,454,455,454,426,424,456,427,455,424,453,
424,455,427,454,427,423,454,425,426,426,456,452,427,423,425,452,426,425,427,455,426,427,455,426,424,456,453,425,456,456,310,308,310,337,424,452,455,423,424,423,423,425,455,454,425,453,424,425,456,424,
423,424,424,455,455,424,424,425,456,453,427,424,455,425,424,453,425,426,456,454,454,455,424,427,424,423,453,453,427,456,453,453,454,453,455,456,427,455,455,424,456,456,425,426,425,452,425,455,426,454,
453,423,424,455,452,427,425,454,454,452,454,455,453,456,456,426,424,453,427,423,454,426,424,423,454,452,452,424,454,454,453,452,452,454,423,427,427,426,423,456,452,424,453,454,427,427,456,456,425,454,
425,423,423,455,455,454,423,455,427,453,452,427,423,455,424,425,426,426,423,453,452,454,454,453,454,424,427,452,424,453,423,426,425,426,452,453,427,427,425,423,456,424,425,454,454,453,427,456,452,456,
452,425,453,425,427,453,455,456,456,454,425,423,455,454,452,454,426,452,454,427,452,453,455,456,425,455,426,423,424,456,426,456,456,452,454,423,427,426,423,424,452,453,456,427,425,425,454,427,453,456,
424,456,452,453,454,426,424,424,455,423,456,423,453,423,455,455,425,425,452,455,423,424,452,454,425,452,453,423,425,425,426,427,455,456,425,425,456,454,456,455,454,452,427,456,455,423,427,452,453,424,
453,456,453,456,454,424,427,423,427,426,426,455,424,423,453,456,424,456,455,426,426,427,426,424,426,455,455,452,427,456,427,453,427,423,456,423,455,452,456,453,453,423,456,455,423,424,424,454,425,427,
423,423,425,452,426,455,455,456,427,452,453,426,424,453,452,425,452,453,454,426,423,454,456,424,425,424,427,426,423,424,425,426,455,427,427,425,425,423,426,425,424,424,455,426,426,456,426,426,424,452,
426,456,425,454,452,456,425,425,425,423,426,452,452,426,425,426,452,424,425,427,425,427,426,452,454,453,452,425,452,426,453,456,453,423,456,455,426,453,427,453,456,454,455,456,425,423,453,454,426,426,
423,423,452,456,454,423,426,455,426,425,454,427,423,452,424,424,425,452,454,456,425,426,452,456,424,452,424,454,452,424,452,426,456,423,424,456,453,455,456,427,423,426,427,425,425,427,455,454,426,423,
426,424,454,423,452,424,456,424,454,424,424,455,427,454,424,453,425,427,427,427,455,452,426,452,454,452,425,454,453,423,426,455,452,456,427,455,423,423,426,454,424,426,423,424,424,424,424,424,425,453,
424,452,452,454,424,426,427,455,427,453,452,454,424,455,454,455,456,456,453,426,426,452,456,452,424,454,424,423,427,454,452,427,425,423,454,452,425,424,425,425,454,455,424,426,456,456,454,455,455,424,
427,456,424,425,427,456,427,452,454,456,456,455,455,426,425,452,427,426,454,452,426,423,452,423,424,425,456,426,454,456,453,452,454,423,456,455,426,426,426,453,426,452,424,426,456,452,424,456,425,424,
424,425,454,427,424,427,456,455,454,452,427,455,455,425,423,425,455,425,423,455,455,425,455,425,454,454,454,426,423,452,424,453,425,454,456,424,455,453,455,456,454,426,426,455,426,426,424,427,456,454,
426,426,425,456,426,452,423,453,453,455,453,427,454,455,454,456,427,455,456,452,425,454,427,453,454,424,424,425,425,426,423,426,425,424,423,455,452,427,427,455,423,424,454,456,453,456,425,454,426,455,
455,455,453,456,453,455,456,453,456,423,452,454,453,456,453,452,425,427,456,456,452,455,424,423,427,452,452,423,456,456,425,426,426,454,454,423,424,425,427,423,455,425,426,427,424,454,426,456,424,455,
452,424,452,423,455,456,454,453,427,455,424,455,452,455,454,423,452,426,424,426,425,454,453,453,424,452,455,454,426,456,453,454,424,425,425,455,424,453,453,427,453,455,454,456,425,453,454,427,426,424,
427,454,454,455,426,453,426,454,454,455,424,423,453,453,456,424,425,454,427,456,452,423,423,426,426,427,423,423,454,454,427,425,424,425,454,452,453,423,453,452,425,453,456,452,453,456,454,427,454,425,
425,425,427,452,456,455,423,423,456,453,426,424,427,452,456,455,456,423,423,426,424,426,427,456,456,454,427,453,455,423,426,426,452,426,453,455,455,456,423,427,426,454,454,456,455,452,455,427,425,452,
424,423,425,425,452,425,452,423,452,426,455,424,426,423,426,453,427,454,424,456,423,455,423,426,423,452,456,424,423,452,452,456,427,452,456,424,455,426,424,425,426,424,427,426,456,423,423,455,456,455,
423,423,453,426,424,423,455,456,427,424,456,454,426,423,426,452,454,423,424,452,423,425,454,452,426,453,425,454,424,452,424,454,453,427,455,425,454,455,454,425,425,423,424,423,424,426,426,423,427,423,
454,427,452,456,456,425,456,423,425,424,426,454,452,455,426,425,424,455,454,423,424,427,453,425,452,426,456,455,427,453,454,424,426,455,455,426,423,452,424,426,423,454,456,456,453,424,423,424,427,425,
425,425,456,455,424,454,425,454,425,423,426,456,453,455,425,423,452,453,452,425,453,425,423,454,424,456,452,454,423,452,426,425,427,454,426,423,424,455,455,454,455,452,456,426,426,423,425,453,424,453,
456,423,427,452,423,423,452,454,456,455,454,424,423,453,453,426,424,424,427,455,454,423,456,452,453,427,455,426,424,454,426,455,425,425,454,425,456,453,423,453,426,427,423,423,453,452,425,426,454,426,
454,424,455,426,455,424,427,426,427,427,455,453,424,423,425,423,456,456,452,452,452,456,424,426,455,427,426,427,455,452,427,453,454,427,452,425,424,426,454,454,452,424,426,452,425,424,453,456,455,425,
454,426,423,425,425,456,424,427,424,454,423,426,425,453,452,456,427,425,454,423,453,454,456,424,456,456,426,452,427,452,452,452,426,425,426,423,426,425,452,453,456,427,456,454,452,454,455,453,452,455,
424,453,452,452,455,423,424,452,427,423,453,423,454,426,453,423,423,452,423,452,426,425,423,425,455,425,453,455,455,424,452,425,456,427,456,426,424,455,454,427,453,425,427,426,426,455,423,423,425,423,
427,425,453,426,425,423,423,427,455,452,425,423,454,426,425,453,426,424,456,426,423,423,456,425,426,426,426,452,453,453,425,423,452,456,452,456,452,424,452,452,455,453,424,426,453,455,423,425,424,456,
453,425,425,426,424,455,426,454,456,424,425,426,456,456,455,454,427,427,452,425,426,427,453,455,456,423,425,452,456,453,455,454,425,452,453,454,454,453,456,455,425,454,426,452,455,424,452,453,456,423
</data>
 </layer>
 <layer id="2" name="Paths" width="50" height="50" locked="1">
  <data encoding="csv">
0,0,0,0,0,0,0,0,0,0,0,0,0,0,0,0,0,0,0,0,0,0,0,0,0,0,0,0,0,0,0,0,0,0,0,0,0,0,0,0,0,0,0,0,0,0,0,0,0,0,
0,0,0,0,0,0,0,0,0,0,0,0,0,0,0,0,0,0,0,0,0,0,0,0,0,0,0,0,0,0,0,0,0,0,0,0,0,0,0,0,0,0,0,0,0,0,0,0,0,0,
0,0,0,0,0,0,0,0,0,0,0,0,0,0,0,0,0,0,0,0,0,0,0,0,0,0,0,0,0,0,0,0,0,0,0,0,0,0,0,0,0,0,0,0,0,0,0,0,0,0,
0,0,0,0,0,0,0,0,0,0,0,0,0,0,0,0,0,0,0,0,0,0,0,0,0,0,0,0,423,454,427,456,452,454,455,0,0,0,0,0,0,0,0,0,0,0,0,0,0,0,
0,0,0,0,0,0,0,0,0,0,0,0,0,0,0,0,0,0,0,0,0,0,0,0,0,0,424,455,424,453,423,454,455,454,425,453,0,0,0,0,0,0,0,0,0,0,0,0,0,0,
0,0,0,0,0,0,0,0,0,0,0,0,0,0,0,0,0,0,0,0,0,0,0,456,423,424,453,454,456,454,453,424,423,423,455,454,424,0,0,0,0,0,0,0,0,0,0,0,0,0,
0,0,0,0,0,0,0,0,0,0,0,0,0,0,0,0,0,0,0,0,0,0,0,454,424,455,426,455,427,452,424,453,425,423,452,426,456,0,0,0,0,0,0,0,0,0,0,0,0,0,
0,0,0,0,0,0,0,0,0,0,0,0,0,0,0,0,0,0,0,0,0,453,424,426,426,456,453,425,0,0,0,0,424,423,426,452,456,423,0,0,0,0,0,0,0,0,0,0,0,0,
0,0,0,0,0,0,0,0,0,0,0,0,0,0,0,0,0,0,0,0,0,426,426,452,425,453,454,0,0,0,0,0,0,427,452,423,425,423,0,0,0,0,0,0,0,0,0,0,0,0,
0,0,368,369,396,365,397,397,396,396,369,394,369,396,394,369,397,397,394,368,366,397,368,366,395,395,369,366,369,396,365,396,367,395,396,369,396,394,396,395,365,398,368,369,366,397,397,368,0,0,
0,0,366,394,366,365,394,369,396,396,395,365,396,397,396,367,369,369,365,394,365,365,398,367,397,398,395,367,367,368,365,394,396,365,397,365,369,365,367,368,368,398,398,395,369,369,366,365,0,0,
0,0,394,365,366,395,367,368,395,366,365,398,367,369,365,365,368,367,368,366,397,369,394,397,395,365,396,397,365,369,368,369,368,396,395,368,366,398,365,366,395,396,395,396,395,368,394,396,0,0,
0,0,397,366,368,369,397,397,369,398,367,396,398,398,368,397,366,396,367,365,367,366,368,394,366,366,395,368,365,398,368,394,398,396,369,395,397,366,367,367,367,396,365,366,397,369,369,397,0,0,
0,0,394,367,367,366,398,395,367,397,394,369,366,366,398,395,395,394,397,367,366,394,365,394,397,365,394,397,366,396,366,398,394,368,398,369,365,397,367,366,366,394,366,365,397,365,397,369,0,0,
0,0,0,398,367,0,0,0,0,0,0,0,0,0,0,0,0,453,0,395,366,0,0,0,0,0,0,0,0,0,0,0,0,0,0,425,453,454,427,0,0,0,395,365,365,396,398,0,0,0,
0,0,0,394,366,0,0,0,0,0,0,0,0,0,0,0,0,427,0,369,367,0,0,0,0,0,0,0,0,0,0,0,0,0,0,456,455,427,426,0,0,0,394,367,369,398,366,0,0,0,
0,0,0,366,397,0,0,0,0,0,0,0,0,0,0,0,456,455,0,398,397,0,0,0,0,0,0,0,0,0,0,0,0,0,0,427,452,423,453,0,0,0,397,366,367,397,366,0,0,0,
0,0,0,396,366,0,0,0,0,0,0,0,0,0,0,424,456,424,0,367,398,0,0,0,0,0,0,0,0,0,0,0,0,0,0,455,452,455,426,0,0,0,394,368,396,365,397,0,0,0,
0,0,0,396,396,0,0,0,0,0,0,0,0,0,456,455,424,424,0,398,396,0,0,0,0,0,0,0,0,0,0,0,0,0,0,426,424,424,427,0,0,0,368,396,395,395,398,0,0,0,
0,0,0,396,398,0,0,0,0,0,0,0,0,0,455,452,452,454,0,394,365,0,0,0,0,0,0,0,0,0,0,0,0,0,0,0,423,427,0,0,0,0,398,366,394,397,395,0,0,0,
0,0,0,394,398,0,0,0,0,0,0,0,0,454,423,455,453,426,0,394,394,0,0,0,0,0,0,0,0,0,0,0,0,0,0,0,423,427,0,0,0,0,395,369,397,366,398,0,0,0,
0,0,0,398,398,0,0,0,0,0,0,0,0,0,0,0,0,0,0,394,366,0,0,0,0,0,0,0,0,0,0,0,0,0,453,427,424,0,0,0,0,0,366,396,367,368,366,0,0,0,
0,0,398,369,368,396,394,365,367,395,398,365,394,366,394,365,398,395,365,369,396,397,395,365,396,365,365,398,396,366,397,395,367,394,369,394,369,397,367,366,397,394,367,369,365,398,396,0,0,0,
0,0,394,365,366,369,368,367,394,367,365,366,367,367,368,365,394,398,395,369,395,369,398,369,394,395,369,397,366,397,368,396,394,367,368,366,397,395,367,397,368,395,368,366,369,395,397,0,0,0,
0,0,395,367,367,396,397,365,367,397,398,367,394,397,396,365,396,397,394,394,398,398,367,397,365,366,368,368,367,365,395,369,395,367,369,394,394,397,397,396,395,398,365,367,396,396,397,0,0,0,
0,0,395,395,396,368,454,423,0,0,0,0,0,0,0,0,0,0,366,394,367,394,0,0,0,0,0,0,0,0,0,427,454,424,0,0,0,0,0,0,0,0,395,394,369,366,369,0,0,0,
0,0,398,369,367,365,427,423,426,452,0,0,0,0,0,0,0,0,365,365,365,398,0,0,0,0,0,0,0,0,0,454,425,427,0,0,0,0,0,0,0,0,394,394,369,395,396,0,0,0,
0,0,397,368,396,395,452,452,423,424,0,0,0,0,0,0,0,0,368,398,394,397,0,0,0,0,0,0,0,0,454,424,456,0,0,0,0,0,0,0,0,0,369,398,365,366,366,0,0,0,
0,0,395,396,395,394,423,453,453,456,0,0,0,0,0,0,0,0,366,397,395,365,0,0,0,0,0,0,0,426,454,425,452,0,0,0,0,0,0,0,0,0,365,365,369,396,395,0,0,0,
0,0,366,366,397,369,425,423,424,424,0,0,0,0,0,0,0,0,365,365,398,398,0,0,0,0,456,424,456,426,452,453,0,0,0,0,0,0,0,0,0,0,394,366,366,396,367,0,0,0,
0,0,396,366,396,367,452,453,427,0,0,0,0,0,0,0,0,0,365,395,368,394,0,0,0,424,452,427,456,425,454,0,0,0,0,0,0,0,0,0,0,0,366,398,366,395,398,0,0,0,
0,0,366,397,366,366,427,426,456,0,0,0,0,0,0,0,0,0,369,396,397,365,0,0,0,452,425,455,427,456,0,0,0,0,0,0,0,0,0,0,0,0,368,369,396,397,396,0,0,0,
0,0,398,395,395,395,425,456,426,453,456,455,452,426,425,426,452,427,397,367,369,367,452,427,0,423,426,423,453,0,0,0,0,0,0,0,0,0,0,0,0,0,369,366,368,394,394,0,0,0,
0,0,369,398,366,369,452,426,426,456,454,425,423,456,424,453,427,455,369,368,369,395,427,452,455,424,452,425,452,424,427,427,427,0,0,0,0,0,0,0,0,0,398,369,395,394,369,0,0,0,
0,0,369,365,365,367,395,397,395,395,395,368,367,368,365,397,367,365,367,369,398,367,398,366,369,394,367,369,395,365,368,395,395,369,397,398,367,369,365,394,369,367,394,395,368,395,394,396,398,0,
0,0,366,365,365,365,365,398,397,367,397,395,369,367,367,367,395,395,368,367,369,398,397,369,368,394,365,395,366,368,397,398,369,395,394,366,396,369,397,368,369,367,396,397,366,368,396,366,366,0,
0,0,397,369,365,398,394,396,394,369,395,394,367,398,367,398,366,398,398,366,365,395,368,365,365,394,365,365,394,397,394,368,398,395,394,394,398,365,369,395,365,369,367,365,367,394,396,367,368,456,
0,454,367,369,396,365,396,397,367,397,365,366,369,367,368,398,368,397,396,397,398,368,369,367,395,366,394,368,396,397,367,396,398,398,394,397,395,398,365,398,365,394,394,369,395,395,394,395,394,456,
0,427,367,397,396,369,368,398,365,398,365,396,367,365,365,394,398,395,365,369,397,397,366,394,394,398,368,367,394,398,365,395,396,367,395,369,366,365,398,397,398,369,365,397,366,369,369,366,369,0,
0,452,395,368,366,366,394,395,396,398,395,396,398,396,368,398,367,366,367,396,394,394,368,369,396,397,396,395,396,396,369,395,395,365,397,368,398,397,394,394,397,395,395,367,397,394,396,367,366,0,
0,0,425,425,452,453,0,0,0,0,0,0,0,0,0,0,0,0,368,397,368,365,0,0,426,456,425,424,423,425,0,0,0,0,0,0,0,0,0,0,0,0,0,0,0,0,0,0,0,0,
0,0,426,454,453,454,0,0,0,0,0,0,0,0,0,0,0,0,394,369,369,394,0,0,0,454,452,427,456,456,454,0,0,0,0,0,0,0,0,0,0,0,0,0,0,0,0,0,0,0,
0,0,424,424,423,426,0,0,0,0,0,0,0,0,0,0,0,0,365,367,369,398,0,0,0,456,427,423,453,454,424,0,0,0,0,0,0,0,0,0,0,0,0,0,0,0,0,0,0,0,
0,0,0,456,427,0,0,0,0,0,0,0,0,0,0,0,0,0,395,368,366,394,0,0,0,0,455,425,426,453,424,427,0,0,0,0,0,0,0,0,0,0,0,0,0,0,0,0,0,0,
0,0,0,0,0,0,0,0,0,0,0,0,0,0,0,0,0,0,395,369,366,394,0,0,0,0,455,455,456,423,423,425,425,0,0,0,0,0,0,0,0,0,0,0,0,0,0,0,0,0,
0,0,0,0,0,0,0,0,0,0,0,0,0,0,0,0,0,0,368,368,396,365,0,0,0,0,453,427,454,452,425,426,423,453,0,0,0,0,0,0,0,0,0,0,0,0,0,0,0,0,
0,0,0,0,0,0,0,0,0,0,0,0,0,0,0,0,0,0,396,397,365,396,0,0,0,0,0,425,452,452,425,456,452,455,425,0,0,0,0,0,0,0,0,0,0,0,0,0,0,0,
0,0,0,0,0,0,0,0,0,0,0,0,0,0,0,0,0,0,366,396,367,369,0,0,0,0,0,0,455,454,426,427,453,427,423,0,0,0,0,0,0,0,0,0,0,0,0,0,0,0,
0,0,0,0,0,0,0,0,0,0,0,0,0,0,0,0,0,0,365,367,396,396,0,0,0,0,0,0,0,453,456,427,427,424,452,0,0,0,0,0,0,0,0,0,0,0,0,0,0,0,
0,0,0,0,0,0,0,0,0,0,0,0,0,0,0,0,0,0,0,0,0,0,0,0,0,0,0,0,0,0,452,427,454,426,423,423,0,0,0,0,0,0,0,0,0,0,0,0,0,0
</data>
 </layer>
 <layer id="3" name="Walls" width="50" height="50" locked="1">
  <data encoding="csv">
0,0,0,0,0,0,0,0,0,0,0,0,0,0,0,0,0,0,0,0,0,0,0,0,0,0,0,0,0,0,0,0,0,0,0,0,0,0,0,0,0,0,0,0,0,0,0,0,0,0,
0,0,0,0,0,0,0,0,0,0,0,0,0,0,0,0,0,0,0,0,0,0,0,0,0,0,0,0,0,0,0,0,0,0,0,0,0,0,0,0,0,0,0,0,0,0,0,0,0,0,
0,0,0,0,0,0,0,0,0,0,0,0,0,0,0,0,0,0,0,0,0,0,0,0,0,0,0,0,0,0,0,0,0,0,0,0,0,0,0,0,0,0,0,0,0,0,0,0,0,0,
0,0,0,0,0,0,0,0,0,0,0,0,0,0,0,0,0,0,0,0,0,0,0,0,0,0,0,0,0,0,0,0,0,0,0,0,0,0,0,0,0,0,0,0,0,0,0,0,0,0,
0,0,0,0,0,0,0,0,0,0,0,0,0,0,0,0,0,0,0,0,0,0,0,0,0,0,0,0,0,0,0,0,0,0,0,0,0,0,0,0,0,0,0,0,0,0,0,0,0,0,
0,0,0,0,0,0,0,0,0,0,0,0,0,0,0,0,0,0,0,0,0,0,0,0,0,0,0,0,0,0,0,0,0,0,0,0,0,0,0,0,0,0,0,0,0,0,0,0,0,0,
0,0,0,0,0,0,0,0,0,0,0,0,0,0,0,0,0,0,0,0,0,0,0,0,0,0,0,0,0,0,0,0,0,0,0,0,0,0,0,0,0,0,0,0,0,0,0,0,0,0,
0,0,0,0,0,0,0,0,0,0,0,0,0,0,0,0,0,0,0,0,0,0,0,0,0,0,0,0,0,0,0,0,0,0,0,0,0,0,0,0,0,0,0,0,0,0,0,0,0,0,
0,513,512,485,510,484,482,510,482,485,510,510,514,514,513,512,481,510,481,485,511,482,514,510,511,484,510,513,485,512,483,485,510,510,484,510,512,510,483,512,483,514,513,513,511,485,511,481,483,0,
0,513,0,0,0,0,0,0,0,0,0,0,0,0,0,0,0,0,0,0,0,0,0,0,0,0,0,0,0,0,0,0,0,0,0,0,0,0,0,0,0,0,0,0,0,0,0,0,514,0,
0,483,0,0,0,0,0,0,0,0,0,0,0,0,0,0,0,0,0,0,0,0,0,0,0,0,0,0,0,0,0,0,0,0,0,0,0,0,0,0,0,0,0,0,0,0,0,0,510,0,
0,510,0,0,0,0,0,0,0,0,0,0,0,0,0,0,0,0,0,0,0,0,0,0,0,0,0,0,0,0,0,0,0,0,0,0,0,0,0,0,0,0,0,0,0,0,0,0,481,0,
0,482,0,0,0,0,0,0,0,0,0,0,0,0,0,0,0,0,0,0,0,0,0,0,0,0,0,0,0,0,0,0,0,0,0,0,0,0,0,0,0,0,0,0,0,0,0,0,485,0,
0,513,0,0,0,0,0,0,0,0,0,0,0,0,0,0,0,0,0,0,0,0,0,0,0,0,0,0,0,0,0,0,0,0,0,0,0,0,0,0,0,0,0,0,0,0,0,0,514,0,
0,484,510,0,0,511,482,514,513,511,513,481,483,512,514,482,481,514,514,0,0,481,485,513,483,481,510,513,510,511,483,513,484,513,484,510,512,512,513,482,512,484,0,0,0,0,0,511,510,0,
0,0,485,0,0,481,0,0,0,0,0,0,0,0,0,0,0,0,482,0,0,510,0,0,0,0,0,0,0,0,0,0,0,0,0,0,0,0,0,0,0,483,0,0,0,0,0,485,0,0,
0,0,483,0,0,514,0,0,0,0,0,0,0,0,0,0,0,0,485,0,0,510,0,0,0,0,0,0,0,0,0,0,0,0,0,0,0,0,0,0,0,483,0,0,0,0,0,512,0,0,
0,0,513,0,0,481,0,0,0,0,0,0,0,0,0,0,0,0,481,0,0,485,0,0,0,0,0,0,0,484,482,514,484,485,484,0,0,0,0,0,0,510,0,0,0,0,0,512,0,0,
0,0,510,0,0,512,0,0,0,0,0,0,0,0,0,0,0,0,483,0,0,481,0,0,0,0,0,0,0,513,0,0,0,0,510,0,0,0,0,0,0,484,0,0,0,0,0,484,0,0,
0,0,484,0,0,514,0,0,0,0,0,0,0,0,0,0,0,0,510,0,0,481,0,0,0,0,0,0,0,483,0,0,0,0,512,0,0,0,0,0,0,511,0,0,0,0,0,482,0,0,
0,0,484,0,0,484,0,0,0,0,0,0,0,0,0,0,0,0,484,0,0,511,0,0,0,0,0,0,0,481,0,0,0,0,484,0,0,0,0,0,0,484,0,0,0,0,0,512,0,0,
0,484,511,0,0,485,484,483,482,510,481,483,483,514,510,513,484,484,513,0,0,483,512,510,482,485,484,481,481,510,0,0,0,0,514,482,514,482,484,513,512,512,0,0,0,0,0,513,0,0,
0,481,0,0,0,0,0,0,0,0,0,0,0,0,0,0,0,0,0,0,0,0,0,0,0,0,0,0,0,0,0,0,0,0,0,0,0,0,0,0,0,0,0,0,0,0,0,485,0,0,
0,512,0,0,0,0,0,0,0,0,0,0,0,0,0,0,0,0,0,0,0,0,0,0,0,0,0,0,0,0,0,0,0,0,0,0,0,0,0,0,0,0,0,0,0,0,0,484,0,0,
0,510,0,0,0,0,0,0,0,0,0,0,0,0,0,0,0,0,0,0,0,0,0,0,0,0,0,0,0,0,0,0,0,0,0,0,0,0,0,0,0,0,0,0,0,0,0,513,0,0,
0,512,0,0,0,0,512,482,512,485,512,510,511,512,484,481,513,512,0,0,0,0,482,483,482,483,512,481,482,485,482,513,510,482,512,514,513,483,513,513,513,514,0,0,0,0,0,510,0,0,
0,511,0,0,0,0,510,0,0,0,0,0,0,0,0,0,0,512,0,0,0,0,485,0,0,0,0,0,0,0,0,0,0,0,0,0,0,0,0,0,0,482,0,0,0,0,0,484,0,0,
0,484,0,0,0,0,482,0,0,0,0,0,0,0,0,0,0,483,0,0,0,0,514,0,0,0,0,0,0,0,0,0,0,0,0,0,0,0,0,0,0,485,0,0,0,0,0,511,0,0,
0,514,0,0,0,0,510,0,0,0,0,0,0,0,0,0,0,481,0,0,0,0,481,0,0,0,0,0,0,0,0,0,0,0,0,0,0,0,0,0,0,514,0,0,0,0,0,485,0,0,
0,481,0,0,0,0,481,0,0,0,0,0,0,0,0,0,0,485,0,0,0,0,482,0,0,0,0,0,0,0,0,0,0,0,0,0,0,0,0,0,0,485,0,0,0,0,0,481,0,0,
0,510,0,0,0,0,483,0,0,0,0,0,0,0,0,0,0,514,0,0,0,0,483,0,0,0,0,0,0,0,0,0,0,0,0,0,0,0,0,0,0,483,0,0,0,0,0,512,0,0,
0,482,0,0,0,0,482,0,0,0,0,0,0,0,0,0,0,511,0,0,0,0,513,0,0,0,0,0,0,0,0,0,0,0,0,0,0,0,0,0,0,483,0,0,0,0,0,512,0,0,
0,483,0,0,0,0,514,0,0,0,0,0,0,0,0,0,0,484,0,0,0,0,512,0,0,0,0,0,0,0,0,0,0,0,0,0,0,0,0,0,0,513,0,0,0,0,0,512,0,0,
0,510,0,0,0,0,481,511,483,485,483,513,514,481,512,512,514,481,0,0,0,0,485,482,483,482,511,485,483,482,482,481,513,481,514,510,485,481,482,484,513,514,0,0,0,0,0,511,510,485,
0,485,0,0,0,0,0,0,0,0,0,0,0,0,0,0,0,0,0,0,0,0,0,0,0,0,0,0,0,0,0,0,0,0,0,0,0,0,0,0,0,0,0,0,0,0,0,0,0,485,
0,481,0,0,0,0,0,0,0,0,0,0,0,0,0,0,0,0,0,0,0,0,0,0,0,0,0,0,0,0,0,0,0,0,0,0,0,0,0,0,0,0,0,0,0,0,0,0,0,514,
0,511,0,0,0,0,0,0,0,0,0,0,0,0,0,0,0,0,0,0,0,0,0,0,0,0,0,0,0,0,0,0,0,0,0,0,0,0,0,0,0,0,0,0,0,0,0,0,0,481,
0,482,0,0,0,0,0,0,0,0,0,0,0,0,0,0,0,0,0,0,0,0,0,0,0,0,0,0,0,0,0,0,0,0,0,0,0,0,0,0,0,0,0,0,0,0,0,0,0,511,
0,484,0,0,0,0,0,0,0,0,0,0,0,0,0,0,0,0,0,0,0,0,0,0,0,0,0,0,0,0,0,0,0,0,0,0,0,0,0,0,0,0,0,0,0,0,0,0,0,511,
0,511,0,0,0,0,0,0,0,0,0,0,0,0,0,0,0,0,0,0,0,0,0,0,0,0,0,0,0,0,0,0,0,0,0,0,0,0,0,0,0,0,0,0,0,0,0,0,0,510,
0,514,485,482,512,510,484,513,483,481,513,513,514,514,513,514,482,482,0,0,0,0,481,481,513,481,483,485,481,510,512,482,482,512,513,514,483,481,513,481,513,512,482,485,485,514,484,512,484,513,
0,0,0,0,0,0,0,0,0,0,0,0,0,0,0,0,0,514,0,0,0,0,482,0,0,0,0,0,0,0,0,0,0,0,0,0,0,0,0,0,0,0,0,0,0,0,0,0,0,0,
0,0,0,0,0,0,0,0,0,0,0,0,0,0,0,0,0,482,0,0,0,0,514,0,0,0,0,0,0,0,0,0,0,0,0,0,0,0,0,0,0,0,0,0,0,0,0,0,0,0,
0,0,0,0,0,0,0,0,0,0,0,0,0,0,0,0,0,483,0,0,0,0,481,0,0,0,0,0,0,0,0,0,0,0,0,0,0,0,0,0,0,0,0,0,0,0,0,0,0,0,
0,0,0,0,0,0,0,0,0,0,0,0,0,0,0,0,0,512,0,0,0,0,482,0,0,0,0,0,0,0,0,0,0,0,0,0,0,0,0,0,0,0,0,0,0,0,0,0,0,0,
0,0,0,0,0,0,0,0,0,0,0,0,0,0,0,0,0,484,0,0,0,0,485,0,0,0,0,0,0,0,0,0,0,0,0,0,0,0,0,0,0,0,0,0,0,0,0,0,0,0,
0,0,0,0,0,0,0,0,0,0,0,0,0,0,0,0,0,481,0,0,0,0,512,0,0,0,0,0,0,0,0,0,0,0,0,0,0,0,0,0,0,0,0,0,0,0,0,0,0,0,
0,0,0,0,0,0,0,0,0,0,0,0,0,0,0,0,0,484,0,0,0,0,485,0,0,0,0,0,0,0,0,0,0,0,0,0,0,0,0,0,0,0,0,0,0,0,0,0,0,0,
0,0,0,0,0,0,0,0,0,0,0,0,0,0,0,0,0,514,0,0,0,0,485,0,0,0,0,0,0,0,0,0,0,0,0,0,0,0,0,0,0,0,0,0,0,0,0,0,0,0,
0,0,0,0,0,0,0,0,0,0,0,0,0,0,0,0,0,0,0,0,0,0,0,0,0,0,0,0,0,0,0,0,0,0,0,0,0,0,0,0,0,0,0,0,0,0,0,0,0,0
</data>
 </layer>
 <objectgroup id="5" name="Object1">
  <object id="6" gid="370" x="480" y="352" width="16" height="16"/>
  <object id="30" gid="341" x="480" y="336" width="16" height="16"/>
  <object id="32" gid="312" x="480" y="320" width="16" height="16"/>
  <object id="33" gid="313" x="496" y="320" width="16" height="16"/>
  <object id="35" gid="314" x="512" y="320" width="16" height="16"/>
  <object id="36" gid="342" x="496" y="336" width="16" height="16"/>
  <object id="40" gid="371" x="496" y="352" width="16" height="16"/>
  <object id="44" gid="343" x="512" y="336" width="16" height="16"/>
  <object id="45" gid="372" x="512" y="352" width="16" height="16"/>
  <object id="50" x="704" y="368" width="16" height="16">
   <properties>
    <property name="playerSpawn" type="bool" value="true"/>
   </properties>
  </object>
  <object id="52" gid="51" x="48" y="352" width="16" height="16"/>
  <object id="53" gid="22" x="48" y="336" width="16" height="16"/>
  <object id="54" gid="58" x="64" y="352" width="16" height="16"/>
  <object id="55" gid="29" x="64" y="336" width="16" height="16"/>
  <object id="56" gid="51" x="304" y="352" width="16" height="16"/>
  <object id="57" gid="22" x="304" y="336" width="16" height="16"/>
  <object id="58" gid="58" x="320" y="352" width="16" height="16"/>
  <object id="59" gid="29" x="320" y="336" width="16" height="16"/>
 </objectgroup>
</map>
